{"has_child":1,"home_url":"http:\/\/3.214.45.74","child_file":{"3.214.45.74_wpvivid-6079be983aa56_2021-04-16-16-43_backup_plugin.zip":{"file_type":"plugin","plugin":{"contact-form-7":{"slug":"contact-form-7","size":618885},"contact-form-7-multi-step-module":{"slug":"contact-form-7-multi-step-module","size":3348333},"elementor":{"slug":"elementor","size":21552959},"essential-addons-for-elementor-lite":{"slug":"essential-addons-for-elementor-lite","size":10876896},"modern-events-calendar-lite":{"slug":"modern-events-calendar-lite","size":21379434},"search-filter":{"slug":"search-filter","size":130925},"smart-slider-3":{"slug":"smart-slider-3","size":11675005},"svg-support":{"slug":"svg-support","size":216705},"wpforms-lite":{"slug":"wpforms-lite","size":14204107},"wp-mail-smtp":{"slug":"wp-mail-smtp","size":10003249}},"root_flag":"wp-content","file":"3.214.45.74_wpvivid-6079be983aa56_2021-04-16-16-43_backup_plugin.zip","php_version":"7.4.15","mysql_version":"8.0.23"},"3.214.45.74_wpvivid-6079be983aa56_2021-04-16-16-43_backup_uploads.zip":{"file_type":"upload","root_flag":"wp-content","file":"3.214.45.74_wpvivid-6079be983aa56_2021-04-16-16-43_backup_uploads.zip","php_version":"7.4.15","mysql_version":"8.0.23"}},"root_flag":"custom","file":"3.214.45.74_wpvivid-6079be983aa56_2021-04-16-16-43_backup_all.part001.zip","php_version":"7.4.15","mysql_version":"8.0.23"}